[
	{
		"id": 5015947677,
		"nick": "Vladimir003",
		"chat": -1001550476156,
		"adminText": "текст",
		"adminImg": "https://klike.net/uploads/posts/2019-05/1556708032_1.jpg"
	},
	{
		"id": 1454688178,
		"nick": "JavaScripte",
		"chat": -1001550476156,
		"adminText": null,
		"adminImg": null
	},
	{
		"id": 1025679778,
		"nick": "YmmMariam",
		"chat": -1001550476156,
		"adminText": null,
		"adminImg": null
	},
	[
		{
			"id": 1025679778,
			"is_bot": true,
			"first_name": "Муалимма УммМарьям",
			"username": "YmmMariam"
		}
	]
]